name,category,address,website,email,source
Grand Café De Walrus,cafes,"Gouverneursplein 37, 8911 HH Leeuwarden",https://www.dewalrus.nl/,info@dewalrusleeuwarden.nl,https://www.dewalrus.nl/
Grand Café De Brass,cafes,"Nieuwestad 71, 8911 CK Leeuwarden",https://www.de-brass.nl/,info@de-brass.nl,https://www.de-brass.nl/
De Dikke van Dale,cafes,"Nieuwestad 69, 8911 CK Leeuwarden",https://www.dedikkevandale.nl/,,https://www.dedikkevandale.nl/
The Bakery Café,cafes,"Nieuwestad 137, 8911 CR Leeuwarden",https://www.thebakerycafes.nl/,,https://www.thebakerycafes.nl/
D.E Café,cafes,"Ruiterskwartier 111, 8911 BR Leeuwarden",https://www.de.nl/de-cafes/de-cafe-leeuwarden/,,https://www.de.nl/de-cafes/de-cafe-leeuwarden/
Fer Koffie,cafes,"Wirdumerdijk 20, 8911 CD Leeuwarden",https://ferkoffie.nl/,,https://www.ferkoffie.nl/offerte/
Restaurant Wannee,cafes,"Rengerslaan 8, 8917 DD Leeuwarden",https://www.restaurantwannee.nl/,info@restaurantwannee.nl,https://www.restaurantwannee.nl/
De Koperen Tuin,cafes,"Prinsentuin 1, 8911 DE Leeuwarden",https://www.dekoperentuin.nl/contact/,info@dekoperentuin.nl,https://www.dekoperentuin.nl/contact/
Falafel Mouni,eats,"Peperstraat 1, 8911 HZ Leeuwarden",https://www.falafelmouni.nl/,,https://www.falafelmouni.nl/
Garden of Asia,eats,"Voorstreek 51, 8911 JJ Leeuwarden",https://gardenofasia.nl/,info@gardenofasia.nl,https://gardenofasia.nl/
Brongers Cafetaria Zus & Zo,eats,"Nieuwestad 37, 8911 CH Leeuwarden",,,https://cdn.website.dish.co/media/ed/19/8906271/Menu-1.pdf
Neushoorn,bars,"Ruiterskwartier 41, 8911 BP Leeuwarden",https://www.neushoorn.nl/contact,info@neushoorn.nl,https://www.neushoorn.nl/contact
Café De Strohoed,bars,"Eewal 72, 8911 GV Leeuwarden",https://www.cafedestrohoed.nl/,info@cafedestrohoed.nl,https://www.cafedestrohoed.nl/
Podium Asteriks,bars,"Zwettestraat 30a, 8912 AV Leeuwarden",https://podiumasteriks.nl/,,https://podiumasteriks.nl/nieuws/podium-asteriks-neemt-neushoorn-over
Toko Saigon,groceries,"Amelandsstraat 18, 8911 KA Leeuwarden",https://thienhung.nl/,info@tokosaigon.nl,https://thienhung.nl/
Toko Anadolu,groceries,"Nieuwe Oosterstraat 4, 8911 KN Leeuwarden",https://tokoanadolu.nl/welkom/index.htm,,https://www.telefoonboek.nl/bedrijven/t2083994/leeuwarden/toko-anadolu/
Aikon Gym,sports,"Rengerslaan 1, 8917 DD Leeuwarden",https://www.aikongym.nl/,info@aikongym.nl,https://www.aikongym.nl/
TRX Training Leeuwarden,sports,"James Wattstraat 4 G4/G6, 8912 AR Leeuwarden",https://trxtrainingleeuwarden.nl/,info@trxtrainingleeuwarden.nl,https://trxtrainingleeuwarden.nl/
Sportschool de Leeuw,sports,"Oostergrachtswal 123, 8921 AC Leeuwarden",https://sportcentrumdeleeuw.nl/,sportschooldeleeuw@hotmail.com,https://sportcentrumdeleeuw.nl/
Basic-Fit Stadionplein,sports,"Stadionplein 35, 8914 BX Leeuwarden",https://www.basic-fit.com/en-nl/clubs/basic-fit-leeuwarden-stadionplein-24-7-fe4bb08822f8427481ed42b3894f8872.html,,https://www.basic-fit.com/en-nl/clubs/basic-fit-leeuwarden-stadionplein-24-7-fe4bb08822f8427481ed42b3894f8872.html
Decathlon Leeuwarden,sports,"De Centrale 35, 8924 CZ Leeuwarden",https://www.decathlon.nl/vc/leeuwarden,,https://www.decathlon.nl/vc/leeuwarden
Barbier '39,hair,"Noordvliet 247, 8921 GG Leeuwarden",https://www.barbier39.nl/,info@barbier39.nl,https://www.barbier39.nl/
K & K Kappers,hair,"Ruiterskwartier 121, 8911 BS Leeuwarden",https://www.kenkkappers.nl/,,https://www.kenkkappers.nl/
Kapsalon La Vie,hair,"Lombardplein 2a, 8911 BM Leeuwarden",https://www.kapsalon-lavie.nl/,r-glas@kapsalon-lavie.nl,https://www.kapsalon-lavie.nl/
Dawara Barbershop,hair,"Wortelhaven 83, 8911 GL Leeuwarden",https://www.dawarabarbershop.nl/,info@dawarabarbershop.nl,https://www.dawarabarbershop.nl/
HEMA Leeuwarden,student,"Nieuwestad 126, 8911 DA Leeuwarden",https://winkels.hema.nl/nl/leeuwarden/hema-leeuwarden,,https://winkels.hema.nl/nl/leeuwarden/hema-leeuwarden
Voordeelfiets Leeuwarden,student,"Kelvinstraat 9, 8912 AN Leeuwarden",https://voordeelfiets.nl/pages/fietsenwinkel-leeuwarden,info@voordeelfiets.nl,https://voordeelfiets.nl/pages/fietsenwinkel-leeuwarden
Dyna Store,student,"Willem Alexanderplein 12, 8931 DW Leeuwarden",https://dyna-store.nl/,info@dyna-store.nl,https://dyna-store.nl/
Telefoonmaken Leeuwarden,student,"Berlikumermarkt 21, 8911 LB Leeuwarden",https://www.telefoonmaken.nl/telefoonmaken-leeuwarden/,,https://www.telefoonmaken.nl/telefoonmaken-leeuwarden/
M&S Telecom 4U,student,"Wirdumerdijk 17, 8911 CB Leeuwarden",https://www.telefoonreparatieleeuwarden.nl/locaties/,,https://www.telefoonreparatieleeuwarden.nl/locaties/
